昵称,地区,日期,评论,评论点赞
￴ ￴ ￴ ￴ ￴ ￴￴￴,山西,2025-03-01 13:44:52,特别的人啊[流泪][流泪][流泪][流泪][流泪][流泪],104108
ads,安徽,2025-03-01 13:44:51,相聚离开都有时候 没有什么会永垂不朽,29624
景点女装,江西,2025-03-01 13:45:16,特别的人[玫瑰][玫瑰][玫瑰],5520
JUNJUN,湖南,2025-03-01 13:44:50,可是我超喜欢他的音乐[流泪],11904
赤道偏北第一深情,辽宁,2025-03-01 13:44:40,多少天长地久 有几回细水长流,8040
CCchuan,湖北,2025-03-01 13:58:27,珍惜眼前人[流泪],3450
雨长眠,重庆,2025-03-01 13:44:42,大同[流泪][流泪][流泪]晚安,1072
别搞我啊,广东,2025-03-01 13:44:42,一路走好我们会永远记住你,2475
u,四川,2025-03-01 13:44:45,[玫瑰][玫瑰]一路走好,666
小塔宝,浙江,2025-03-01 13:44:53,方大同上一条抖音还在祝粉丝平安健康[流泪],152339
沈华文,上海,2025-03-01 13:44:54,刚好在听他的歌，特别的人，[感谢][感谢][感谢],24862
无解,贵州,2025-03-01 13:44:50,啊，很喜欢他的麦恩莉啊[流泪][流泪][流泪],64951
饿幺酒寝室长,北京,2025-03-01 13:44:34,如此年轻的方大同！[流泪][流泪][流泪],37864
敖宗杭,广东,2025-03-01 14:07:01,我滴天 每个都好突然[流泪][流泪][流泪]熟悉的童年在慢慢倒塌,1212
叶湘伦^,广西,2025-03-01 13:58:55,特别的人[流泪],1873
sly_,黑龙江,2025-03-01 13:44:50,当音符成为时光的刻度，你的旋律早已镌刻进无数人的生命轨迹。无论是《春风吹》里跃动的灵性，还是《悟空》中撕裂长空的追问，你用R&B的丝绒质地包裹着东方哲思，在喧嚣世界里搭建起一座座停泊灵魂的音乐岛屿。今夜琴键无声，而所有被你治愈过的耳朵，都将成为延续歌声的星河，大同再见，愿世界大同,5918
浮世清欢落颜（李信）,广西,2025-03-01 15:15:17,特别喜欢他的作品《特别的人》[九转大肠][九转大肠],155
小猫多鱼,河北,2025-03-01 16:33:10,最近好像一直在告别，大家好好珍惜眼前人吧 [感谢],17
苏州网约车出行～恋恋,江苏,2025-03-01 13:44:26,不会吧，陪伴了我整个中学时代的音乐家 [流泪],26717
Plan D,广东,2025-03-01 13:44:48,我还想以后去听他的演唱会[流泪][流泪][流泪],12673
Saber,广东,2025-03-01 13:44:50,不敢相信 上午还在听他的歌[流泪][流泪][流泪],4287
小零同学,广东,2025-03-01 13:59:16,每次车上必听他的歌[流泪][流泪],293
AB同学💽,四川,2025-03-01 14:31:53,他的R&B在华语界非常有口皆碑，41岁，太年轻了…,255
韩雨倩,江苏,2025-03-01 14:23:33,？什么 什么,11
蔡鹤峰,广东,2025-03-01 14:55:14,啊？？,149
Kaka,浙江,2025-03-01 13:44:41,🕯️特别的人,3414
小零同学,广东,2025-03-01 13:58:32,刚睡醒得知消息我不敢相信[流泪][流泪][流泪]直接听到被惊醒,403
各地往事,江苏,2025-03-01 14:14:11,去世快十天了 网上才知道,615
桔梗,江西,2025-03-01 13:44:49,？？？不要啊哥 快出来辟谣啊[流泪][流泪][流泪][流泪],1045
灰理,广东,2025-03-01 13:44:49,震惊啊![流泪][流泪][流泪]难以置信[流泪][流泪][流泪],918
just for DRoseY,广东,2025-03-01 13:44:49,[流泪][流泪][流泪]哭了，刚刚还在听,1154
Koi,福建,2025-03-01 13:44:37,我滴天 每个都好突然[流泪][流泪][流泪],3196
zdFEng,北京,2025-03-01 13:44:53,啊？啊？啊？今天不是愚人节呀[流泪][流泪][流泪],3345
aoi胡桃酱,黑龙江,2025-03-01 13:44:45,不敢相信，如此年轻有才华的人,749
情报马（无畏契约）,重庆,2025-03-01 13:51:30,rip🕯,71
⌯'Ⱉ'⌯,河南,2025-03-01 13:44:51,快辟谣啊[流泪][流泪][流泪]不是真的[流泪][流泪][流泪],1306
不允许下饭,河北,2025-03-01 14:29:06,我刚刚还在听他的歌[流泪],24
RainydaypuppyT-T,江苏,2025-03-01 13:44:51,[流泪][流泪]为什么今年要失去这么多大家喜欢的人,6423
阿犬的日常（ASMR助眠）,湖北,2025-03-01 14:40:30,卧槽，老子特别喜欢的几个歌手之一啊。。。,61
两点一线💻💤,辽宁,2025-03-01 13:44:53,妈呀[流泪][流泪][流泪]真的不敢相信，这是假的吧,933
大川画家（中国美院）,重庆,2025-03-01 13:59:05,天啊[流泪]，高中时候经常听他的歌,106
月神（顶尖选手）,广东,2025-03-01 14:28:21,红豆，我的青春，安息[感谢],28
木南-,湖南,2025-03-01 13:44:48,[流泪][流泪][流泪]昨晚还在听你的歌,181
忧伤的鱿鱼小王子,四川,2025-03-01 13:44:51,不是，这太突然了[流泪][流泪][流泪],224
只因酱,黑龙江,2025-03-01 13:44:08,别啊 [流泪],192
叶凡小哥哥,广东,2025-03-01 15:19:59,特别的人[流泪][流泪],48
隔海忆.,四川,2025-03-01 13:44:48,rip[流泪][流泪][流泪],53
农洲商业新营销,广东,2025-03-01 15:01:46,我们是对方特别的人[感谢],5
猪猪侠（小外星人）👽,湖南,2025-03-01 14:08:34,太突然了！,37
bushi竹竹_,湖南,2025-03-01 13:52:13,太突然了吧[逞强落泪],116
有村架纯,浙江,2025-03-01 13:44:47,不要啊[流泪][流泪][流泪]大同老师,73
Y2H,芬兰,2025-03-01 13:44:49,啊？这是真的吗[泣不成声],2253
玩具视频,湖南,2025-03-01 16:01:05,不可能！你还那么年轻，又那么有才华，怎么会？？？？？！！啊啊啊啊啊啊啊,25
🍐,天津,2025-03-01 13:44:43,本来看到都没敢信[流泪],125
颜真卿,河南,2025-03-01 14:09:31,一路走好 特别的人,17
Rule7,山西,2025-03-01 13:44:44,太突然了吧[苦涩][苦涩][苦涩],43
七七r,广东,2025-03-01 14:13:25,不可能啊啊[流泪],5
Sheepyy,广东,2025-03-01 13:44:23,🕯️🕯️🕯️,73
你哥,陕西,2025-03-01 13:44:50,前几天还听他的歌呢[流泪],47
一只鸭耳朵,四川,2025-03-01 14:24:13,每次直播都会唱您的歌 心真的好碎💔,30
苏社长,安徽,2025-03-01 15:45:04,一路走好 特别的人,1
菲妮,广西,2025-03-01 13:44:27,[流泪][流泪][流泪],52
我要早睡.,河南,2025-03-01 13:44:45,今天早上还听他的歌 太突然了吧,201
小魚,浙江,2025-03-01 13:44:53,妈呀真的好突然[流泪][流泪][流泪],24
怀迟,湖北,2025-03-01 13:44:31,我的天呀，太突然了,122
夜辉,福建,2025-03-01 14:31:20,特别的人[流泪],9
白吻ovo,河北,2025-03-01 13:53:17,？？不是 这也太突然了,107
黄小渤,贵州,2025-03-01 15:01:12,特别的人一路走好[感谢][感谢],2
Nicole Zhang,山东,2025-03-01 13:44:29,rip,5
軟（摄影版📷）,辽宁,2025-03-01 13:44:29,不是太突然了[流泪][流泪][流泪],113
海粼诗,斯里兰卡,2025-03-01 13:44:53,第一[流泪][流泪][流泪],11
小徐大经理,湖北,2025-03-01 13:44:16,[流泪][流泪][流泪][泣不成声][泣不成声][泣不成声],20
别管我,四川,2025-03-01 13:44:53,不是才二十三吗[流泪][流泪][流泪],337
以为,福建,2025-03-01 13:44:56,[流泪][流泪][流泪],14
*ʚAynɞ*,安徽,2025-03-01 13:44:50,不要呀[流泪][流泪][流泪]真的假的[流泪][流泪][流泪],46
酸辣香,广西,2025-03-01 16:03:54,天呐[流泪],1
星海与爱,江苏,2025-03-01 13:44:37,[玫瑰][玫瑰][玫瑰][流泪][流泪][流泪],13
95后叔叔,海南,2025-03-01 13:44:54,天啊…这是真的吗,2647
派大林小小厨,福建,2025-03-01 15:52:43,今年是怎么了…年还没过完多久，震惊的事情一件接一件,27
周而復始,湖北,2025-03-01 13:44:54,啊啊啊,6
放下玫瑰与碱,广东,2025-03-01 13:44:36,不敢相信是真的[流泪][流泪][流泪],133
豹无,广东,2025-03-01 13:44:51,啊[流泪],7
金先生.,广东,2025-03-01 15:59:47,他唱的wonderful tonight最有感觉[逞强落泪],2
ko可碧,广东,2025-03-01 13:44:50,[玫瑰][玫瑰][玫瑰][玫瑰][玫瑰][玫瑰][玫瑰][玫瑰][玫瑰],10
Smurfs,广东,2025-03-01 13:44:54,[快哭了][快哭了][快哭了],11
生如夏花.,河南,2025-03-01 13:44:34,rip,17
纽约熙鸽哥,美国,2025-03-01 13:51:43,RIP🤍❤️‍🩹,6
2水盘锦河蟹,辽宁,2025-03-01 13:44:27,[流泪][流泪][流泪],10
葉𥴰,重庆,2025-03-01 13:44:51,[流泪][流泪][流泪][流泪],9
小猪stop,福建,2025-03-01 13:44:23,[流泪][流泪][流泪]大同,59
🤓,江苏,2025-03-01 13:44:22,[流泪][流泪][流泪],6
遇安啊,河南,2025-03-01 13:44:46,好突然啊,3
⁺✞ʚ劳大重度依赖ɞ✟₊,山东,2025-03-01 13:44:47,快出来辟谣啊[流泪],34
🌈工藤饼干,广东,2025-03-01 13:44:54,[流泪][流泪][流泪]天哪 是真的,47
好果汁儿,安徽,2025-03-01 13:44:55,[凋谢][凋谢][凋谢],5
金小胖🏸,浙江,2025-03-01 14:01:31,真难受[流泪],5
粥饼恋,辽宁,2025-03-01 13:44:50,@ʚ藤椒鱼大王ɞ @虚心. [泣不成声][泣不成声][泣不成声],5
pg,贵州,2025-03-01 13:44:39,[流泪][流泪][流泪][流泪][流泪][流泪][流泪],5
李子子,陕西,2025-03-01 13:55:36,刚还在听歌…,7
octopus,江苏,2025-03-01 13:44:20,[泣不成声][泣不成声][泣不成声],5
zxy,江苏,2025-03-01 13:44:54,[流泪][流泪][流泪],4
东方青苍,山西,2025-03-01 13:44:52,我天呢 好突然,18
7.%,山东,2025-03-01 13:44:55,啊？[流泪],6
睡醒回,山东,2025-03-01 13:44:53,[流泪][流泪][流泪],3
大帅逼,广东,2025-03-01 13:44:43,怎么这么突然啊[大哭][大哭][大哭][流泪][流泪][流泪][大哭][大哭][大哭][大哭][大哭][大哭]不要啊,33
小江小江,广东,2025-03-01 13:44:52,rip,5
倒吊人,河南,2025-03-01 13:44:43,[流泪],2
𝑵𝒆𝒚𝒎𝒂𝒓🔟,北京,2025-03-01 13:44:51,[流泪][流泪][流泪],2
财神爷家的小宝贝,广东,2025-03-01 13:44:28,[流泪][流泪][流泪]尊嘟假嘟,11
噗噗噗嘻🐯,湖北,2025-03-01 13:44:26,[流泪][流泪][流泪],4
吹纸宽,河北,2025-03-01 13:44:53,[发呆],3
Nicole Zhang,山东,2025-03-01 13:44:31,[流泪][流泪][流泪],2
徐哈哈陪你读书,陕西,2025-03-01 14:09:27,天呐，不要这么刀啊,28
66796479144,浙江,2025-03-01 15:27:07,我的天[流泪],2
臭豆腐大王（塔罗版）,广东,2025-03-01 13:44:49,[流泪][流泪][流泪],2
小涵大王,河南,2025-03-01 13:44:31,[流泪][流泪][流泪],2
ftfjkknswnnw,广东,2025-03-01 13:44:52,安息[流泪][流泪][流泪],12
ʚ嘘嘘小晴ɞ,北京,2025-03-01 13:44:53,1[流泪][流泪][流泪],2
you,福建,2025-03-01 13:44:32,[大哭][大哭][大哭],3
广西狠人谢广坤,福建,2025-03-01 13:44:44,快点出来辟谣[流泪][流泪][流泪],22
77🍔,福建,2025-03-01 13:44:55,[流泪][流泪][流泪],2
青青糯山少冰微糖,上海,2025-03-01 13:44:40,太突然了吧,15
这个昵称不错,广东,2025-03-01 13:44:55,[流泪],0
Q1ne,浙江,2025-03-01 13:44:44,这对吗,6
张厨美食教学,广东,2025-03-01 13:57:04,还是不敢相信[流泪],5
Moslos.,福建,2025-03-01 13:44:49,rip,1
Where,江西,2025-03-01 13:44:52,[流泪][流泪][流泪],2
咖啡苦味,广东,2025-03-01 13:44:54,[流泪][流泪][流泪],2
黎挞挞,湖南,2025-03-01 13:44:55,[流泪][流泪][流泪],2
花海.,陕西,2025-03-01 13:44:54,[泣不成声][泣不成声][泣不成声],2
超级无敌宇宙第一暴龙兽,广东,2025-03-01 13:44:52,[玫瑰][玫瑰][玫瑰][玫瑰][玫瑰][玫瑰],2
白.,湖北,2025-03-01 13:44:47,[流泪][流泪][流泪],2
薇薇薇薇尔莉特_,广东,2025-03-01 13:44:47,[玫瑰][玫瑰][玫瑰],2
J_,福建,2025-03-01 13:44:54,🕯️🕯️🕯️,2
早-香菇,广东,2025-03-01 13:44:51,[流泪][流泪][流泪],2
鹿鸣.,江苏,2025-03-01 13:44:54,[玫瑰],2
kk,山东,2025-03-01 14:07:15,🕯️,0
清风明月ヾ(･`⌓´･)ﾉﾞ,广东,2025-03-01 13:44:44,太突然了,3
12138,重庆,2025-03-01 13:44:16,无法接受！！！！,40
生活索然无味 尸体cos人类,四川,2025-03-01 13:44:48,我真的崩溃了[流泪][流泪][流泪],20
壹-,辽宁,2025-03-01 13:44:49,？昨天还在听他的歌,115
free,上海,2025-03-01 13:44:45,大同[流泪][流泪][流泪][流泪][流泪][流泪],4
赐我决绝勇气,陕西,2025-03-01 13:44:46,？今天也不是愚人节啊,165
薰,安徽,2025-03-01 13:44:44,太突然了吧,8
东直门胡歌,北京,2025-03-01 13:44:46,难以置信[泣不成声],3
Chosen1,上海,2025-03-01 13:44:32,rip,2
HE118,广东,2025-03-01 13:44:37,[流泪],1
Mi Manchi,四川,2025-03-01 13:44:54,没想到啊,4
小含含,福建,2025-03-01 13:44:46,@miki崽崽 @荔枝. @米其林小猪 [流泪][流泪][流泪],1
&七海,山东,2025-03-01 13:44:48,wo bu xin,1
SayKimiWell,河北,2025-03-01 13:44:54,[感谢][感谢][感谢],1
崇左没有雪天,广西,2025-03-01 13:44:54,[流泪][流泪][流泪],1
冬天来之前挽回,广东,2025-03-01 13:44:37,🕯️,1
我不愿让你一个人,福建,2025-03-01 13:44:50,啊？？。？,1
建国,山东,2025-03-01 13:44:55,不敢相信呀[流泪],2
YH豆花,广东,2025-03-01 13:43:10,不会吧[流泪][流泪],75
快乐克隆快乐,广西,2025-03-01 13:44:54,这么突然[红脸],6
春,江苏,2025-03-01 13:44:53,啊，这么突然,3
阿处,广东,2025-03-01 14:03:05,不要啊 不要啊 卧槽,0
𝑩,福建,2025-03-01 13:44:46,大同，[流泪],1
远山黛黛☁️,广东,2025-03-01 13:44:38,[眼含热泪][眼含热泪][眼含热泪]不敢相信,14
77,广东,2025-03-01 13:44:47,不要啊,5
匹诺曹🍑,河南,2025-03-01 13:44:08,我天,4
凌雾思,山东,2025-03-01 13:44:42,默哀,3
DRAKEN,北京,2025-03-01 13:44:43,一路走好🕯️,3
joe,四川,2025-03-01 13:44:54,真的假的,190
早点到家,广东,2025-03-01 13:44:42,@Hhhhhy wdf,1
喝水的刚子,河北,2025-03-01 13:44:51,[发呆][发呆][发呆],1
秧,四川,2025-03-01 13:44:51,[流泪],1
xxxibmlrgn,河北,2025-03-01 13:44:32,[玫瑰][玫瑰][玫瑰][玫瑰][玫瑰]Rip,3
Elo,重庆,2025-03-01 13:44:54,🕯️,1
土豆粉土豆,福建,2025-03-01 13:44:53,[流泪][流泪][流泪],1
有机盐,广东,2025-03-01 13:44:42,🕯️,1
欲语泪先流,四川,2025-03-01 13:44:50,[流泪],1
ruben🐨,四川,2025-03-01 13:44:54,？？？你儿豁,14
咯咯哒大王,河北,2025-03-01 13:44:54,[流泪][流泪][流泪],2
牛奶.🩶,浙江,2025-03-01 13:44:47,[苦涩][苦涩][苦涩],1
𝐀𝐧𝐢𝐦𝐞,江苏,2025-03-01 13:44:53,太突然了,1
西瓜桃,山东,2025-03-01 13:44:54,啊！！？,1
U,海南,2025-03-01 13:44:43,走好[流泪][流泪][流泪],1
.11.,江苏,2025-03-01 13:44:51,赶紧辟谣啊[流泪][流泪][流泪],17
万花街🎸（万花筒乐队）,广东,2025-03-01 14:43:58,啥！,1
c。,浙江,2025-03-01 13:44:28,？,4
心野且自由,山东,2025-03-01 13:44:53,阿？,1
左小雯,四川,2025-03-01 15:05:24,一路走好啊[流泪],0
乐儿🍃,山东,2025-03-01 13:44:43,@doki [流泪][流泪][流泪],1
ˣ,四川,2025-03-01 13:44:51,[玫瑰][玫瑰][玫瑰],1
我叫早睡同学,湖北,2025-03-01 13:44:52,[流泪][流泪][流泪][流泪],1
吃口大便,浙江,2025-03-01 13:44:52,[玫瑰][玫瑰][玫瑰],1
大鹅的裤头,吉林,2025-03-01 13:44:32,[流泪][流泪][流泪][流泪][流泪][流泪][流泪][流泪][流泪][流泪][流泪][流泪],1
我可不止两把刷子,湖北,2025-03-01 13:44:53,[流泪][流泪][流泪],1
木头人fuze,湖北,2025-03-01 13:44:53,[疑问][疑问][疑问],2
Kaneki Ken,北京,2025-03-01 13:44:53,[泣不成声][泣不成声][泣不成声],1
Revenge,江西,2025-03-01 13:44:53,[流泪][流泪][流泪],1
ZzzzzR.rose1,河北,2025-03-01 13:44:53,[快哭了][快哭了][快哭了],1
肥浩哥哥,江西,2025-03-01 13:44:53,[流泪][流泪][流泪],1
每一天^,广东,2025-03-01 13:44:53,[流泪][流泪][流泪][流泪],1
陈鱼仔,江苏,2025-03-01 13:44:53,[流泪][流泪][流泪],1
你班主任,浙江,2025-03-01 13:44:53,[流泪][流泪][流泪],1
二萌萌,河北,2025-03-01 13:44:28,！！！！！,1
狐狸^,贵州,2025-03-01 13:44:43,啊！？？？？？,3
骸痕,广东,2025-03-01 13:44:45,走好[流泪],2
别杀我,浙江,2025-03-01 13:44:27,不是,4
Ü蜻蜓聽（顺富版）,海南,2025-03-01 13:44:54,[流泪][流泪][流泪]天呐,1
001.🐹,吉林,2025-03-01 13:44:42,不敢相信[泣不成声],9
生活两地鸡毛,河南,2025-03-01 13:44:39,走好[流泪][流泪][流泪],4
夏野,湖南,2025-03-01 13:44:43,怎么就突然去世了？？？？[流泪],272
Xcpy.,湖北,2025-03-01 13:44:45,还我大同[流泪][流泪][流泪],3
＞𐋣＜,广西,2025-03-01 13:44:49,我去,1
王一树,浙江,2025-03-01 13:44:53,?,1
Justin🧷,四川,2025-03-01 13:44:41,别开玩笑[流泪],3
秋月寒,江苏,2025-03-01 13:44:43,啊？,3
拉泡热乎的到你嘴里,广西,2025-03-01 13:44:53,??,1
Likelihood7🥕,中国香港,2025-03-01 13:44:47,假的吧[流泪],48
王者荣耀我恨你,山东,2025-03-01 13:44:38,默哀[玫瑰][玫瑰][玫瑰],2
比利校长,辽宁,2025-03-01 14:56:18,怎么可能[流泪],0
孤,北京,2025-03-01 13:44:50,???,1
飯,湖南,2025-03-01 13:44:49,救命[流泪][流泪][流泪],1
小糖糖的糖,重庆,2025-03-01 13:44:43,难以置信,3
人不努力的话就是尸体,江苏,2025-03-01 13:44:46,真的吗？,16
CR7.,山东,2025-03-01 13:44:42,大同一路走好,4
720p,广东,2025-03-01 13:44:41,节哀[流泪][流泪][流泪],2
是删青啊,辽宁,2025-03-01 14:32:03,走好 🕯️,0
一个果冻3.5,辽宁,2025-03-01 13:44:50,？,1
今天星期八,广西,2025-03-01 13:44:41,？,1
多宝多宝,河南,2025-03-01 13:44:53,不可能吧！,9
快乐陈陈小狗,浙江,2025-03-01 13:44:41,[流泪],0
青山留柴,河北,2025-03-01 13:44:27,啊？,3
小美-🧚‍♀️,安徽,2025-03-01 13:44:31,[发呆][发呆][发呆]啊！这么突然,16
散弹葡萄ovo,内蒙古,2025-03-01 13:44:32,？,1
yxw,河南,2025-03-01 13:44:44,一路走好，大同[流泪][流泪][流泪],1
⬆️➡️⬇️⬇️⬇️,四川,2025-03-01 13:44:53,？,1
蛋挞封心锁爱,甘肃,2025-03-01 13:44:38,大同 为什么啊,314
钟大辉🥷🏻,广东,2025-03-01 14:16:18,不敢相信,0
snow,山西,2025-03-01 13:44:43,？,1
ddddddd,广东,2025-03-01 13:44:46,？,1
sml是猪,四川,2025-03-01 13:44:55,啊？？,1
0620,四川,2025-03-01 13:44:54,？[流泪][流泪][流泪],1
蔓越莓小饼,辽宁,2025-03-01 13:44:45,不要啊[流泪][流泪][流泪],2
斯坦福桥第1️⃣抽象,辽宁,2025-03-01 13:44:33,我去[流泪][流泪][流泪],2
error.,上海,2025-03-01 13:44:55,？,5
I'll,广东,2025-03-01 13:44:51,？,1
soul power,四川,2025-03-01 13:44:53,假的一定是假的[流泪][流泪][流泪],19
土豆泥^,新疆,2025-03-01 13:44:39,[流泪][流泪][流泪]一路走好,1
无敌幸运星,河北,2025-03-01 13:44:19,？？？,7
@小王没有网,江苏,2025-03-01 13:44:31,[泣不成声][泣不成声][泣不成声][泣不成声][泣不成声][泣不成声],0
Huan.欢,江西,2025-03-01 13:44:44,[流泪][流泪][流泪],0
老折不发合照不改名,河南,2025-03-01 13:44:51,啊？？？,0
超级无敌嗜睡大王,湖南,2025-03-01 13:44:36,走好[流泪][流泪][流泪],0
Kristenwho_ow,广东,2025-03-01 13:49:25,逝者安息🕯,1
Try,湖南,2025-03-01 13:44:34,一路走好[玫瑰],2
丰岛,浙江,2025-03-01 14:01:06,这……哎……🕯,1
小kiu,河南,2025-03-01 13:44:51,不能接受[流泪][流泪],3
淚,四川,2025-03-01 13:44:49,？,3
蓝色海洋@,安徽,2025-03-01 13:44:51,不敢相信,3
苦昼短,广西,2025-03-01 13:44:51,太突然了啊,0
31^,湖南,2025-03-01 13:44:46,@哒 ？,1
别杀我,浙江,2025-03-01 13:44:09,？？？？？,11
幺鸡是只基🐶,四川,2025-03-01 13:44:55,天呐,4
隔壁小王爷,浙江,2025-03-01 13:44:39,？,3
朱に染まる,河北,2025-03-01 13:44:54,？,3
入冬枷锁,上海,2025-03-01 13:44:42,不是吧[宕机][宕机][宕机],3
ℒℴѵℯ,河南,2025-03-01 13:44:46,啊？真的假的,32
Ponoy,河南,2025-03-01 13:44:44,我不同意啊啊啊,4
(ᕑᗢᓫ∗),广东,2025-03-01 13:44:54,[发呆]真的吗,9
小含含,福建,2025-03-01 13:44:40,[流泪][流泪][流泪],0
逸尘1,广东,2025-03-01 13:44:49,[流泪][流泪][流泪][流泪][流泪][流泪],0
XL.,江西,2025-03-01 13:44:47,[流泪][流泪][流泪],0
dyfigvfuenth520,海南,2025-03-01 13:44:53,[流泪][流泪][流泪][流泪],0
Clove🪈,江苏,2025-03-01 13:44:43,[流泪][流泪][流泪],0
顺顺顺,广东,2025-03-01 13:44:32,[石化][石化][石化],0
七羽,北京,2025-03-01 13:44:46,[泪奔][泪奔][泪奔],0
柳丁,吉林,2025-03-01 13:44:43,[流泪],0
胆小鬼,广东,2025-03-01 13:44:29,[流泪][流泪][流泪],0
冬瓜小姐,四川,2025-03-01 13:44:47,[苦涩][苦涩][苦涩],0
猫它妈🐱,河北,2025-03-01 13:44:52,啊？？,0
一只冷酷气,辽宁,2025-03-01 13:44:31,不要啊@Nell,2
天空,天津,2025-03-01 13:44:48,？？？？？？[发呆],3
ι L,贵州,2025-03-01 13:44:41,不敢相信！,1
翡翠甄选（淑姐&小马哥）,广东,2025-03-01 14:03:51,一路走好[玫瑰]安息,0
acetylsalicylate,河北,2025-03-01 13:44:46,接受不了啊[流泪][流泪][流泪],0
❤️‍🩹,浙江,2025-03-01 13:44:52,这不是真的[流泪],3
Wwwwwww.,江苏,2025-03-01 13:44:28,[流泪][流泪][流泪] 走好,2
养一只月亮🌙,广东,2025-03-01 13:44:51,真的吗？不敢相信,5
Autumn Leaves,广西,2025-03-01 13:44:28,真的接受不了[流泪][流泪][流泪][流泪][流泪][流泪],5
上紫小川,安徽,2025-03-01 13:44:28,[流泪][流泪][流泪],0
芒果驴,四川,2025-03-01 13:44:42,[泣不成声][泣不成声][泣不成声],0
yuu_,黑龙江,2025-03-01 13:44:27,[流泪][流泪][流泪],0
北北a🌈🌈,广东,2025-03-01 13:44:46,[捂脸][捂脸][捂脸][捂脸][捂脸][捂脸][捂脸][捂脸][捂脸],0
你怎么Jay样啊,浙江,2025-03-01 13:44:39,[流泪][流泪][流泪][玫瑰][玫瑰][玫瑰],0
嘭咚咚,江苏,2025-03-01 13:44:45,[吐血][吐血][吐血],0
小小老子降临,广东,2025-03-01 13:44:45,？啊,0
黎晓,重庆,2025-03-01 13:44:51,。。。,0
BIII🧣,湖南,2025-03-01 13:44:33,[眼含热泪][眼含热泪][眼含热泪]😭,0
5秒,广东,2025-03-01 13:44:53,[流泪][流泪][流泪]不要啊。,3
ㅤ无悔,山东,2025-03-01 13:44:42,？,0
捱止隼,黑龙江,2025-03-01 13:44:55,？,0
明天一定吃早饭,河北,2025-03-01 13:44:46,？？,0
12点前必睡觉,浙江,2025-03-01 13:44:29,？,0
我的狗,河北,2025-03-01 13:44:47,？？,2
QQ企鹅,江苏,2025-03-01 13:44:46,？,0
帝皇铠甲,河南,2025-03-01 13:44:51,？,0
大喜工作室,陕西,2025-03-01 13:44:42,？,0
小小瑞,江苏,2025-03-01 13:44:45,？,0
瑷,江西,2025-03-01 13:44:52,？,0
Elo,重庆,2025-03-01 13:44:52,[流泪][流泪][流泪],0
￴ ￴ ￴ ￴ ￴￴,河北,2025-03-01 13:44:33,[流泪][流泪][流泪],0
长大养只猫,山东,2025-03-01 13:44:39,[流泪][流泪][流泪],0
🌈亏子哥,广东,2025-03-01 13:44:39,[流泪][流泪][流泪],0
🤐,海南,2025-03-01 13:44:41,[流泪][流泪][流泪],0
skindong,四川,2025-03-01 13:44:50,[流泪][流泪][流泪],0
❂ ❂ ❂ ❂,江苏,2025-03-01 13:44:52,[流泪][流泪][流泪],0
Min,广东,2025-03-01 13:44:36,[流泪][流泪][流泪],0
深花繁雨.,吉林,2025-03-01 13:44:30,[泣不成声],0
Y_,广东,2025-03-01 13:44:43,[流泪],0
wwb,广东,2025-03-01 13:44:49,[流泪][流泪][流泪][流泪][流泪][流泪][流泪][流泪][流泪][流泪][流泪][流泪][流泪][流泪][流泪][流泪][流泪][流泪][流泪][流泪][流泪][流泪][流泪][流泪][流泪][流泪][流泪][流泪][流泪][流泪][流泪][流泪][流泪][流泪][流泪][流泪][流泪][流泪][流泪][流泪][流泪][流泪][流泪][流泪][流泪][流泪][流泪][流泪][流泪][流泪][流泪][流泪][流泪][流泪][流泪][流泪][流泪],0
Fyle～,广东,2025-03-01 13:44:50,[流泪][流泪][流泪],0
捏你小肥脸,上海,2025-03-01 13:44:49,[流泪][流泪][流泪],0
悠,江苏,2025-03-01 13:44:39,啊？？？,0
Answer. ☭,陕西,2025-03-01 13:44:54,一路走好💐[流泪][流泪][流泪],0
教AE的李老师,北京,2025-03-01 14:15:27,心痛💔,0
爱噜噜脸,辽宁,2025-03-01 13:44:30,不要啊[流泪][流泪],0
0410,山东,2025-03-01 13:44:41,？,0
用户17313080877,新加坡,2025-03-01 13:44:27,？,1
菠萝吃不起派,广东,2025-03-01 13:44:53,？不是,0
宇宙无敌厉害最帅托马斯暴龙战士🇵🇸,河南,2025-03-01 13:44:52,[流泪][流泪][流泪][流泪][流泪][流泪][流泪][流泪][流泪][玫瑰][玫瑰][玫瑰][玫瑰],0
花海丶,四川,2025-03-01 13:44:35,[流泪][流泪][流泪],0
k.,安徽,2025-03-01 13:44:49,[泣不成声][泣不成声][泣不成声],0
及叶,贵州,2025-03-01 13:44:51,[流泪][流泪][流泪],0
雷雷～,广东,2025-03-01 13:44:41,[发呆][发呆][发呆][发呆][发呆][发呆][发呆][发呆][发呆][发呆][发呆][发呆][发呆][发呆][发呆],0
7iov8,安徽,2025-03-01 13:44:34,[流泪][流泪][流泪],0
一′,上海,2025-03-01 13:44:42,[流泪][流泪][流泪],0
城情,湖北,2025-03-01 13:44:50,[流泪][流泪][流泪],0
下雨,山东,2025-03-01 13:44:37,[流泪][流泪][流泪],0
周周有钱花_,湖南,2025-03-01 13:44:37,[流泪][流泪][流泪],0
庾.,山西,2025-03-01 13:44:36,[流泪][流泪][流泪],0
意料中,广东,2025-03-01 13:44:30,[流泪][流泪][流泪],0
一一一一一,广东,2025-03-01 13:44:35,[捂脸][捂脸][捂脸],0
不回消息的羊,江西,2025-03-01 13:44:36,太突然了,0
🐑,中国澳门,2025-03-01 13:44:51,啊？,2
Ciolt,四川,2025-03-01 13:44:29,一路走好[泣不成声][泣不成声][泣不成声],0
사랑해.,吉林,2025-03-01 13:44:36,我去[流泪],0
待我如初,广东,2025-03-01 13:44:52,不要啊[流泪][流泪],0
秋夏,四川,2025-03-01 13:44:40,？,0
别杀我,浙江,2025-03-01 13:44:05,？？？,2
태양🇰🇵⚽🏓🏸,北京,2025-03-01 13:44:31,[流泪][流泪][流泪][玫瑰][玫瑰][玫瑰],0
555,浙江,2025-03-01 13:44:48,[流泪][流泪][流泪],0
#.,四川,2025-03-01 13:44:41,[疑问],0
林佳树,福建,2025-03-01 13:44:44,[我想静静][我想静静][我想静静],0
張张,黑龙江,2025-03-01 13:44:51,[流泪][流泪][流泪],0
优尚丶,福建,2025-03-01 13:44:46,[流泪],0
站着腰疼不说话,江苏,2025-03-01 13:44:48,[流泪][流泪][流泪],0
你是个啥？,河北,2025-03-01 13:44:51,[泣不成声][泣不成声][泣不成声],0
PG-25,山东,2025-03-01 13:44:40,[玫瑰][玫瑰][玫瑰][流泪][流泪][流泪],0
不想改名且66,河北,2025-03-01 13:44:38,[玫瑰][玫瑰][玫瑰][玫瑰][玫瑰][流泪],0
"阳光帅气男孩,",河南,2025-03-01 13:44:49,啊啊,0
百香崽崽🐈,黑龙江,2025-03-01 13:44:31,[流泪][流泪][流泪],0
POOHDINI,河南,2025-03-01 13:44:14,[流泪][流泪][流泪][流泪][流泪][流泪],1
小昊,福建,2025-03-01 13:44:33,啊？？？？？,3
🥝,湖北,2025-03-01 13:44:43,[眼含热泪][眼含热泪][眼含热泪],0
我不是陈嘉文,江苏,2025-03-01 13:44:46,🕯️一路走好,0
爱老虎游,河南,2025-03-01 13:44:37,？,0
小魚,浙江,2025-03-01 13:44:40,？,0
町,黑龙江,2025-03-01 13:44:53,？,0
weather7643,河北,2025-03-01 13:44:37,？,1
笨笨慵懒♡ـــ(不要私信我，我不回复),河南,2025-03-01 13:44:41,[抠鼻][抠鼻][抠鼻],0
33睡大觉,四川,2025-03-01 13:44:48,[感谢][感谢][感谢],0
元气大林,广东,2025-03-01 13:44:48,[感谢][感谢][感谢],0
fannnnnnn。,重庆,2025-03-01 13:44:50,[泣不成声][泣不成声][泣不成声],0
Danaandjill,内蒙古,2025-03-01 13:44:43,[流泪][流泪][流泪],0
九月海ss,安徽,2025-03-01 13:44:45,[流泪][流泪][流泪],0
亚比,浙江,2025-03-01 13:44:49,[流泪][流泪][流泪],0
不想秃头,北京,2025-03-01 13:44:37,[流泪][流泪][流泪],0
ㅤㅤㅤㅤㅤㅤㅤㅤㅤㅤㅤㅤㅤ,河南,2025-03-01 13:44:38,[流泪][流泪][流泪][玫瑰][玫瑰][玫瑰],0
喵博士,河南,2025-03-01 13:44:42,[流泪][流泪][流泪],0
thirty.,吉林,2025-03-01 13:44:45,[流泪][玫瑰][玫瑰],0
Answer. ☭,陕西,2025-03-01 13:44:35,[流泪][流泪][流泪],0
Em9^,山西,2025-03-01 13:44:47,[玫瑰][流泪],0
𝙢𝟬𝙉𝙀𝙎𝙔.,北京,2025-03-01 13:44:48,[玫瑰][玫瑰][玫瑰],0
浪🏄🏻‍♂️,四川,2025-03-01 13:44:46,[流泪][流泪][流泪],0
ii7ln-,河北,2025-03-01 13:44:46,[玫瑰][玫瑰][玫瑰],0
Satii,广东,2025-03-01 13:44:40,哭,0
dujuv,黑龙江,2025-03-01 13:44:48,啊？！,0
衣崽,广西,2025-03-01 13:44:29,🕯️,0
不知名的夏某,江苏,2025-03-01 13:44:40,走好[玫瑰][玫瑰][玫瑰],0
